scenario,year,resource_base,soil_health,water_cycle,natural_cooling,food_security,social_resilience,waste_pressure,external_dependency,survival_score
Current Linear Civilization OS,0,78,74,74,72,76,70,20,25,70.27
Current Linear Civilization OS,25,67.52,62.01,67.21,68.47,74.83,65.07,36.71,34.02,61.46
Current Linear Civilization OS,50,56.8,40.33,52.33,58.48,60.77,55.03,54.15,43.04,45.5
Current Linear Civilization OS,75,45.84,7.17,27.71,39.89,29.35,37.87,72.86,52.06,20.32
Current Linear Civilization OS,100,34.61,0,0,11.49,0,11.59,93.03,61.08,0
Current Linear Civilization OS,125,23.16,0,0,0,0,0,100,70.1,0
Current Linear Civilization OS,150,11.7,0,0,0,0,0,100,79.12,0
Current Linear Civilization OS,175,0.23,0,0,0,0,0,100,88.14,0
Current Linear Civilization OS,200,0,0,0,0,0,0,100,97.16,0
Current Linear Civilization OS,225,0,0,0,0,0,0,100,100,0
Current Linear Civilization OS,250,0,0,0,0,0,0,100,100,0
Edo-like Circular Civilization OS,0,78,74,74,72,76,70,20,25,70.27
Edo-like Circular Civilization OS,25,78.86,83.95,79.29,79.01,84.46,73.18,6.74,23.32,77.5
Edo-like Circular Civilization OS,50,79.87,100,90.41,90.76,100,79.8,0,21.64,88.62
Edo-like Circular Civilization OS,75,80.91,100,100,100,100,87.92,0,19.96,93.3
Edo-like Circular Civilization OS,100,81.95,100,100,100,100,96.41,0,18.28,95.04
Edo-like Circular Civilization OS,125,82.99,100,100,100,100,100,0,16.6,95.95
Edo-like Circular Civilization OS,150,84.02,100,100,100,100,100,0,14.92,96.24
Edo-like Circular Civilization OS,175,85.06,100,100,100,100,100,0,13.24,96.53
Edo-like Circular Civilization OS,200,86.1,100,100,100,100,100,0,11.56,96.83
Edo-like Circular Civilization OS,225,87.13,100,100,100,100,100,0,9.88,97.12
Edo-like Circular Civilization OS,250,88.17,100,100,100,100,100,0,8.2,97.42
